{"W_pct_diff":{"High responder":-6.8748545679,"Low responder":1.6594201619},"age":{"High responder":46.7777777778,"Low responder":33.5555555556},"gender":{"High responder":1.6666666667,"Low responder":1.6666666667},"1_pct_placebo":{"High responder":12.2562441977,"Low responder":8.2266133436},"2_pct_placebo":{"High responder":36.1736260258,"Low responder":49.9262644531},"3_pct_placebo":{"High responder":9.731898475,"Low responder":6.4504014293},"4_pct_placebo":{"High responder":7.0777886575,"Low responder":6.3801112637},"R_pct_placebo":{"High responder":17.1960409088,"Low responder":22.0777285735},"W_pct_placebo":{"High responder":17.5644017353,"Low responder":6.9388809368}}