{"0":{"subject_id":5.0,"age":32.0,"efficiency_diff":3.4658544649},"1":{"subject_id":6.0,"age":35.0,"efficiency_diff":-0.6010737628},"2":{"subject_id":7.0,"age":51.0,"efficiency_diff":14.0996918326},"3":{"subject_id":8.0,"age":66.0,"efficiency_diff":-0.4183156962},"4":{"subject_id":9.0,"age":47.0,"efficiency_diff":6.8222369538},"5":{"subject_id":10.0,"age":20.0,"efficiency_diff":6.9597320694},"6":{"subject_id":11.0,"age":21.0,"efficiency_diff":0.5854461878},"7":{"subject_id":12.0,"age":21.0,"efficiency_diff":-2.701197438},"8":{"subject_id":13.0,"age":22.0,"efficiency_diff":4.9467936841},"9":{"subject_id":14.0,"age":20.0,"efficiency_diff":1.0024912087},"10":{"subject_id":15.0,"age":66.0,"efficiency_diff":6.2353512239},"11":{"subject_id":16.0,"age":79.0,"efficiency_diff":4.2605877914},"12":{"subject_id":17.0,"age":48.0,"efficiency_diff":9.4037845466},"13":{"subject_id":18.0,"age":53.0,"efficiency_diff":-6.5047506182},"14":{"subject_id":19.0,"age":28.0,"efficiency_diff":-5.1789158761},"15":{"subject_id":20.0,"age":24.0,"efficiency_diff":-0.4947122794},"16":{"subject_id":21.0,"age":34.0,"efficiency_diff":-0.6237531831},"17":{"subject_id":22.0,"age":56.0,"efficiency_diff":5.6796585446}}