{"W_pct":{"placebo":12.251641336,"temazepam":9.643924133},"1_pct":{"placebo":10.2414287706,"temazepam":8.122355258},"2_pct":{"placebo":43.0499452394,"temazepam":47.0191913949},"3_pct":{"placebo":8.0911499521,"temazepam":7.7462140675},"4_pct":{"placebo":6.7289499606,"temazepam":7.4888114587},"R_pct":{"placebo":19.6368847411,"temazepam":19.9795036879},"age":{"placebo":40.1666666667,"temazepam":40.1666666667}}